{"time": [0.0, 1.0859434293663932e-05, 2.1718868587327864e-05, 3.25783028809918e-05, 4.343773717465573e-05, 5.429717146831966e-05, 6.51566057619836e-05, 7.601604005564752e-05, 8.687547434931146e-05, 9.773490864297539e-05, 0.00010859434293663932, 0.00011945377723030325, 0.0001303132115239672, 0.00014117264581763113, 0.00015203208011129504, 0.00016289151440495897, 0.0001737509486986229, 0.00018461038299228685, 0.00019546981728595078, 0.0002063292515796147, 0.00021718868587327863, 0.00022804812016694257, 0.0002389075544606065, 0.0002497669887542704, 0.0002606264230479344, 0.0002714858573415983, 0.00028234529163526225, 0.00029320472592892616, 0.00030406416022259007, 0.00031492359451625404, 0.00032578302880991795, 0.0003366424631035819, 0.0003475018973972458, 0.00035836133169090973, 0.0003692207659845737, 0.0003800802002782376, 0.00039093963457190157, 0.0004017990688655655, 0.0004126585031592294, 0.00042351793745289335, 0.00043437737174655726, 0.0004452368060402212, 0.00045609624033388514, 0.00046695567462754905, 0.000477815108921213, 0.000488674543214877, 0.0004995339775085408, 0.0005103934118022048, 0.0005212528460958688, 0.0005321122803895326, 0.0005429717146831966, 0.0005538311489768605, 0.0005646905832705245, 0.0005755500175641884, 0.0005864094518578523, 0.0005972688861515163, 0.0006081283204451801, 0.0006189877547388441, 0.0006298471890325081, 0.0006407066233261719, 0.0006515660576198359, 0.0006624254919134999, 0.0006732849262071638, 0.0006841443605008277, 0.0006950037947944916, 0.0007058632290881556, 0.0007167226633818195, 0.0007275820976754834, 0.0007384415319691474, 0.0007493009662628114, 0.0007601604005564752, 0.0007710198348501392, 0.0007818792691438031, 0.000792738703437467, 0.000803598137731131], "counts_1": [3769.0, 3432.0, 3158.0, 2963.0, 2760.0, 2551.0, 2385.0, 2171.0, 2072.0, 1944.0, 1755.0, 1651.0, 1602.0, 1468.0, 1388.0, 1313.0, 1145.0, 1099.0, 1021.0, 961.0, 932.0, 879.0, 835.0, 746.0, 658.0, 676.0, 610.0, 589.0, 557.0, 553.0, 500.0, 455.0, 442.0, 416.0, 400.0, 373.0, 349.0, 308.0, 313.0, 233.0, 285.0, 251.0, 240.0, 257.0, 210.0, 203.0, 189.0, 174.0, 191.0, 191.0, 158.0, 145.0, 143.0, 149.0, 125.0, 138.0, 133.0, 115.0, 129.0, 132.0, 120.0, 97.0, 112.0, 101.0, 96.0, 107.0, 98.0, 68.0, 83.0, 94.0, 66.0, 67.0, 77.0, 83.0, 82.0], "prob_1": [0.94225, 0.858, 0.7895, 0.74075, 0.69, 0.63775, 0.59625, 0.54275, 0.518, 0.486, 0.43875, 0.41275, 0.4005, 0.367, 0.347, 0.32825, 0.28625, 0.27475, 0.25525, 0.24025, 0.233, 0.21975, 0.20875, 0.1865, 0.1645, 0.169, 0.1525, 0.14725, 0.13925, 0.13825, 0.125, 0.11375, 0.1105, 0.104, 0.1, 0.09325, 0.08725, 0.077, 0.07825, 0.05825, 0.07125, 0.06275, 0.06, 0.06425, 0.0525, 0.05075, 0.04725, 0.0435, 0.04775, 0.04775, 0.0395, 0.03625, 0.03575, 0.03725, 0.03125, 0.0345, 0.03325, 0.02875, 0.03225, 0.033, 0.03, 0.02425, 0.028, 0.02525, 0.024, 0.02675, 0.0245, 0.017, 0.02075, 0.0235, 0.0165, 0.01675, 0.01925, 0.02075, 0.0205], "tot_counts": 4000}